[
  {

    "ENABLED": "true",

    "SYMBOL": "$ELONOM",
    "ADDRESS": "0xd3ecc6a4ce1a9faec1aa5e30b55f8a1a4b84f938",
    "BUYAMOUNTINBASE": "0.05",
    "BUYPRICEINBASE":  "1800",
    "SELLPRICEINBASE": "3300",
    "SLIPPAGE": "49",

    "MAXTOKENS": "1",
    "MOONBAG": "0",

    "LIQUIDITYCHECK": "true",
    "LIQUIDITYAMOUNT": "10",
    "LIQUIDITYINNATIVETOKEN": "true",
    "USECUSTOMBASEPAIR": "false",
    "BASESYMBOL": "BUSD",
    "BASEADDRESS": "0xe9e7cea3dedca5984780bafc599bd69add087d56",

    "SELLAMOUNTINTOKENS": "ALL",
    "HASFEES": "false",
    "GAS": "20",
    "BOOSTPERCENT": "50",
    "GASLIMIT": "1000000"

  }
]